ITEM_WID,COMPANY,DIVISION,BU,PRODUCT_LINE,SUB_PRODUCT_LINE,FINANCIAL_GROUP,PART_NUMBER,ITEM_STAGE,ASSY_PART_NUMBER,DIE_PART_NUMBER,ECCN,FAB_PART_NUMBER,SCHEDULE_B_NUM,TEST_PART_NUMBER,PLATFORM,BASE_DIE,BASE_DIE_REV,FAB_HOUSE,DESIGN_COUNTRY,MARKETING_ITEM,ITEM_TYPE,PLANNER_CODE,INVENTORY_ORGANIZATION,COUNTRY_OF_MANUFACTURING,DEVICE,PRODUCT_GROUP,PROJECT_CODE,PROJECT_CODE_DESCRIPTION,PACKAGE_CODE,SERVICE_PART_NUMBER,LICENSE_EXCEPTION,END_MARKET,SUB_MARKET,MODEL_NUMBER,SPEED,ITEM_TYPE_GROUP,MPR_YEAR_CATEGORY,MPR_YEAR_CATEGORY_GROUP,MPR_YEAR_CATEGORY_SORTING,CURRENT_MODEL_NUMBER,SALES_COMP_DIVISION,SALES_COMP_BU,SALES_COMP_PRODUCT_LINE,SALES_COMP_FINANCIAL_GROUP,SALES_COMP_SUB_PRODUCT_LINE,TECHNOLOGY_GROUP,IDENTIFIED_IP,BUSINESS_OWNER,PRODUCT_LINE_MANAGER
10001,Marvell,SPG,Flash,Flash,SPL,FG,dX-6SJnP-KLL,BUMP,mD-IsVch-In8,qY-sgxkJ-wuK,,oV-PsdVt-1o6,,UG-ebxOL-yZH,,xD-W34,Ds-FaT,Marvell,,cy-jcQpD-EJj,MRVL SUBASSEMBLY,,5,,UNASSIGNED,IC,9916,,,SPN,,Storage,Flash,gn-U8bgO-hDt,,IC,,WIP,9990,3O-RIzTu-eDC,SPG,Flash,SCPL,SCFG,SCSPL,5nm,,,
10002,Marvell,SPG,Flash,Flash,SPL,FG,hj-F0yAp-1lA,BUMPSORT,p0-ntOBJ-h45,AR-oZAkG-Jia,,ju-q5jCY-wrl,,OD-G7hJO-bIb,,pI-ccU,iE-e0j,Marvell,,u7-6L5nC-qGi,MRVL SUBASSEMBLY,,5,,UNASSIGNED,IC,9916,,,SPN,,Storage,Flash,fm-JTBEj-R11,,IC,,WIP,9990,TS-I2gTS-z4r,SPG,Flash,SCPL,SCFG,SCSPL,5nm,,,
10003,Marvell,SPG,Flash,Flash,SPL,FG,KQ-pNDZ3-Q3K,ASSEMBLY,Nz-B7Nhc-jgI,vw-FvWPB-13D,,Da-vwE8S-wt0,,Oj-R158p-UMO,,TD-981,Gy-LTQ,Marvell,,Ov-ABj8W-ZjW,MRVL SUBASSEMBLY,,5,,UNASSIGNED,IC,9916,,,SPN,,Storage,Flash,Bd-bYcrp-Lex,,IC,,WIP,9990,eO-ppTXf-YML,SPG,Flash,SCPL,SCFG,SCSPL,5nm,,,
10004,Marvell,SPG,Flash,Flash,SPL,FG,Ac-HeZLh-x6X,TEST,cb-HulOK-36b,lS-vIpe2-HqC,,Q9-tGuwS-SQb,,Qr-vMya8-kRs,,BU-y7i,4u-N4f,Marvell,,MQ-hMLp0-JFS,MRVL SUBASSEMBLY,,5,,UNASSIGNED,IC,9916,,,SPN,,Storage,Flash,a8-EcSdr-w5u,,IC,,WIP,9990,XH-x3ydD-ddp,SPG,Flash,SCPL,SCFG,SCSPL,5nm,,,
10005,Marvell,SPG,Flash,Flash,SPL,FG,oJ-flADx-NIB,FG,uY-6jXHm-7q7,EW-FYXpB-u7N,,x0-kVvx7-3yP,,ZD-iB9uD-Qu5,,cq-jVj,Wr-dX1,Marvell,,i4-G9jzg-sYp,MVL_ENG_MAKE,,5,,UNASSIGNED,IC,9916,,,SPN,,Storage,Flash,Rl-b6b81-kiu,,IC,,WIP,9990,im-eLYw6-25P,SPG,Flash,SCPL,SCFG,SCSPL,5nm,,,
10006,Marvell,SPG,Flash,Flash,SPL,FG,bb-fe2rM-iCo,TEST,VM-VLDgX-WOB,cC-YxQjj-Hy0,,8K-iFz4n-jNJ,,ME-xLvNr-kPP,,MZ-v9d,4g-jAp,Marvell,,8O-gjQmf-Jko,MRVL SUBASSEMBLY,,5,,UNASSIGNED,IC,9916,,,SPN,,Storage,Flash,NI-kIX36-77r,,IC,,WIP,9990,Y2-hobqS-srh,SPG,Flash,SCPL,SCFG,SCSPL,5nm,,,
10007,Marvell,SPG,Flash,Flash,SPL,FG,Pn-dXKHs-wGu,DIE,PW-Q0Jt8-K9L,sp-Hl5HW-cYC,,2v-MNBo3-5dm,,p7-VCnZh-gMo,,G7-2A0,PO-IQd,Marvell,,rE-ajLSW-1Ak,MRVL SUBASSEMBLY,,5,,UNASSIGNED,IC,9916,,,SPN,,Storage,Flash,lV-sJPOg-dNU,,IC,,WIP,9990,lu-WzpXE-CMk,SPG,Flash,SCPL,SCFG,SCSPL,5nm,,,
10008,Marvell,SPG,Flash,Flash,SPL,FG,2U-QFU3L-eHg,FAB,sU-s267m-TQk,LA-lf5Pk-eFE,,mz-kE6MU-1cq,,bf-fpqVU-EeH,,BI-FEw,tS-rni,Marvell,,aZ-MQgUa-F66,MVL_ENG_WAFER,,5,,UNASSIGNED,IC,9916,,,SPN,,Storage,Flash,e4-WDN5r-01b,,IC,,WIP,9990,bq-kk9O8-vGH,SPG,Flash,SCPL,SCFG,SCSPL,5nm,,,
10009,Marvell,NSX,Switch,Switch,SPL,FG,Is-cOND6-PLt,BUMPSORT,TK-HuVyV-R3c,15-c0Lbs-3Xl,,Gk-4gky7-Swp,,sG-6XtOY-zhH,,ge-b8v,Xi-4gS,Marvell,,21-7HNxR-kUo,MRVL SUBASSEMBLY,,5,,UNASSIGNED,IC,9999,,Not Applicable,SPN,,Networking,Switch,56-jVmkY-bl5,,IC,,WIP,9990,NB-SWpzL-JJC,NSX,Switch,SCPL,SCFG,SCSPL,5nm,,,
10010,Marvell,NSX,Switch,Switch,SPL,FG,rV-QZLbZ-bE5,BUMP,ZD-cY9bx-PDB,Ko-8PgQv-MqU,,8i-NuTQS-xgl,,oB-feGpJ-NWg,,7v-7Zl,j8-aWT,Marvell,,vL-sVMEj-D6C,MRVL SUBASSEMBLY,,5,,UNASSIGNED,IC,9999,,Not Applicable,SPN,,Networking,Switch,uL-Pp2Mu-Moo,,IC,,WIP,9990,T7-3CISf-yGo,NSX,Switch,SCPL,SCFG,SCSPL,5nm,,,
10011,Marvell,NSX,Switch,Switch,SPL,FG,MW-eKi9I-niJ,DIE,uZ-xvTiV-Vff,Bz-WNsjm-khp,,Pn-YnRX7-lYi,,jA-jQNwF-gv8,,id-pDX,T5-1PL,Marvell,,PL-bHM0y-sHy,MRVL SUBASSEMBLY,,5,,UNASSIGNED,IC,9999,,Not Applicable,SPN,,Networking,Switch,4l-l8R8G-1y2,,IC,,WIP,9990,Be-kAaY0-Sai,NSX,Switch,SCPL,SCFG,SCSPL,5nm,,,
10012,Marvell,NSX,Switch,Switch,SPL,FG,YQ-EYc90-k3G,FAB,Fm-ibUlB-Avv,il-IY3Pv-dEA,,pd-50eSN-EF2,,OL-IS4Gc-tI9,,7i-3t7,eJ-ppf,Marvell,,tV-DW3y7-EQe,MVL_ENG_WAFER,,5,,UNASSIGNED,IC,9999,,Not Applicable,SPN,,Networking,Switch,8r-JKK34-jbl,,IC,,WIP,9990,7I-TTgAb-meU,NSX,Switch,SCPL,SCFG,SCSPL,5nm,,,
10013,Marvell,NSX,Switch,Switch,SPL,FG,41-x7Oya-LLK,TEST,1r-g8AZD-onS,2h-Rbj45-KkV,,et-rCko9-mQA,,N2-Ld5jF-cSQ,,Wj-H2d,aP-MJ5,Marvell,,9N-NyOHF-eWp,MRVL SUBASSEMBLY,,5,,UNASSIGNED,IC,9999,,Not Applicable,SPN,,Networking,Switch,OF-8557e-ubF,,IC,,WIP,9990,Ii-wH1X6-zd7,NSX,Switch,SCPL,SCFG,SCSPL,5nm,,,
10014,Marvell,NSX,Switch,Switch,SPL,FG,TB-R970O-i8d,FG,Nm-NaHis-uIj,vR-yeDbB-g0G,,FV-6gne3-5z4,,GL-7UDOm-whT,,jN-aUB,YM-665,Marvell,,uv-meE0g-kON,MVL_ENG_MAKE,,5,,UNASSIGNED,IC,9999,,Not Applicable,SPN,,Networking,Switch,lD-XBZRY-KvR,,IC,,WIP,9990,4g-hdMtu-4lB,NSX,Switch,SCPL,SCFG,SCSPL,5nm,,,
10015,Marvell,NSX,Switch,Switch,SPL,FG,Kc-VBQZd-48j,BINNING,O4-tZCFd-iBQ,xu-V8ogD-Phx,,9m-eZCtJ-iPm,,je-fRu0t-b9B,,SR-BcV,He-X5S,Marvell,,KY-YmAj2-8Up,MRVL SUBASSEMBLY,,5,,UNASSIGNED,IC,9999,,Not Applicable,SPN,,Networking,Switch,wr-2YEdv-PJQ,,IC,,WIP,9990,pq-oTnLI-2lK,NSX,Switch,SCPL,SCFG,SCSPL,5nm,,,
10016,Marvell,NSX,Switch,Switch,SPL,FG,97-fLOBY-gwH,ASSEMBLY,8o-4wBm5-l6s,PV-ji3Tm-8KX,,Bn-I5g5v-23l,,aq-qPBhV-fZ6,,tR-2OJ,X5-crf,Marvell,,X4-y8f3j-vP2,MRVL SUBASSEMBLY,,5,,UNASSIGNED,IC,9999,,Not Applicable,SPN,,Networking,Switch,ts-m3wHG-0Po,,IC,,WIP,9990,2c-yAE00-uwF,NSX,Switch,SCPL,SCFG,SCSPL,5nm,,,
10017,Marvell,Connectivity,CDSP,CDSP,SPL,FG,KW-zxivv-BrM,FG,5M-WxEm3-XxC,ZX-VnaIt-J7i,,Gb-YH44S-iVp,,GA-k6Mtd-Eam,,OY-riN,tY-lfx,Marvell,,iv-BUAoK-Wu0,MVL_ENG_MAKE,,5,,UNASSIGNED,IC,5330,,Not Applicable,SPN,,Unassigned,,BW-OwOSF-PEY,,IC,,WIP,9990,1R-fm3Gc-rKG,Connectivity,CDSP,SCPL,SCFG,SCSPL,5nm,,CDSP,
10018,Marvell,Connectivity,CDSP,CDSP,SPL,FG,Ex-li3dz-Wyb,ASSEMBLY,Ku-kaE90-5xm,NP-1Q9w5-nf9,,dq-8MwDQ-euz,,Ix-eIlVG-A6C,,Pp-WiG,vj-bv5,Marvell,,tX-m5a0Y-FRX,MRVL SUBASSEMBLY,,5,,UNASSIGNED,IC,5330,,Not Applicable,SPN,,Unassigned,,lx-iWhYI-YqX,,IC,,WIP,9990,NF-0g05j-H11,Connectivity,CDSP,SCPL,SCFG,SCSPL,5nm,,CDSP,
10019,Marvell,Connectivity,CDSP,CDSP,SPL,FG,k5-Q8Ycj-p1g,DIE,V0-RG3xB-GAI,Cf-E12Hu-hsZ,,9A-jARSj-Nj9,,PY-INVue-yw3,,r3-I5l,1d-avl,Marvell,,ve-BZth7-RJ8,MRVL SUBASSEMBLY,,5,,UNASSIGNED,IC,5330,,Not Applicable,SPN,,Unassigned,,2h-pkU8s-t0j,,IC,,WIP,9990,8w-hoeZe-2Rr,Connectivity,CDSP,SCPL,SCFG,SCSPL,5nm,,CDSP,
10020,Marvell,Connectivity,CDSP,CDSP,SPL,FG,3Q-pu2QB-u2W,TEST,98-d6OlZ-h03,Mg-XOxXw-eT6,,Jz-SRPZf-sz2,,Q9-0AAKi-bjd,,7V-gRF,hH-UsS,Marvell,,nN-M1i2E-NFl,MRVL SUBASSEMBLY,,5,,UNASSIGNED,IC,5330,,Not Applicable,SPN,,Unassigned,,lS-KF7ls-k5C,,IC,,WIP,9990,oW-Zd8UR-24w,Connectivity,CDSP,SCPL,SCFG,SCSPL,5nm,,CDSP,
10021,Marvell,Connectivity,CDSP,CDSP,SPL,FG,vN-bETxW-qsC,BUMP,GX-fcx0z-VoZ,wM-xXMFH-YV8,,ol-w24zO-Ple,,se-FiYuV-Fz6,,ww-3mC,Uu-2gc,Marvell,,Mt-fKesr-z7U,MRVL SUBASSEMBLY,,5,,UNASSIGNED,IC,5330,,Not Applicable,SPN,,Unassigned,,jm-HKsw8-RBp,,IC,,WIP,9990,vG-vg3SS-2Be,Connectivity,CDSP,SCPL,SCFG,SCSPL,5nm,,CDSP,
10022,Marvell,Connectivity,CDSP,CDSP,SPL,FG,RA-V9jDk-Xvh,BUMPSORT,rO-X4NDK-R52,O2-Buvbn-vDN,,eR-edKUA-uV5,,uY-LDQbg-UeH,,IG-IUz,z3-kh1,Marvell,,Ru-66ByN-KIk,MRVL SUBASSEMBLY,,5,,UNASSIGNED,IC,5330,,Not Applicable,SPN,,Unassigned,,Sr-CbQkO-GCJ,,IC,,WIP,9990,wn-sKQ0A-gUz,Connectivity,CDSP,SCPL,SCFG,SCSPL,5nm,,CDSP,
10023,Marvell,Connectivity,CDSP,CDSP,SPL,FG,ai-ucqah-S3o,FAB,Dm-QFzLH-WM2,PY-AfI5g-Ec4,,WF-Gnpt3-k43,,At-fVrHe-W3g,,1G-aoZ,iw-JNd,Marvell,,kV-MeB0i-8Or,MVL_ENG_WAFER,,5,,UNASSIGNED,WFR,5330,,Not Applicable,SPN,,Unassigned,,S4-irWfe-UYb,,Unassigned,,WIP,9990,Vi-ILFN1-8fC,Connectivity,CDSP,SCPL,SCFG,SCSPL,5nm,,CDSP,
10024,Marvell,Connectivity,CDSP,CDSP,SPL,FG,P3-NAF9u-oYN,BINNING,pZ-wt1sC-XRD,Y7-s3SXT-cdm,,B5-mPUtt-3rk,,ot-pe7XM-m71,,Rw-J9L,sf-ekr,Marvell,,tv-tsSE5-dRD,MRVL SUBASSEMBLY,,5,,UNASSIGNED,IC,5330,,Not Applicable,SPN,,Unassigned,,WP-wqbpO-hEe,,IC,,WIP,9990,mJ-6eSAs-9Jr,Connectivity,CDSP,SCPL,SCFG,SCSPL,5nm,,CDSP,
10025,Marvell,Connectivity,BBA,BBA,SPL,FG,wT-rbY1E-3n6,FG,bV-A0suM-G0E,97-NhAhy-Kga,,aL-pDAv0-MVe,,m1-nP18F-nfU,,hQ-Svx,cy-vh6,Marvell,,IA-uss5H-g4x,MVL_ENG_MAKE,,5,,UNASSIGNED,IC,5984,,Not Applicable,SPN,,Unassigned,,WM-mAn5Y-TIv,,IC,,WIP,9990,Ql-GKIc2-W8f,Connectivity,BBA,SCPL,SCFG,SCSPL,80nm_90nm,,BBA,
10026,Marvell,Connectivity,BBA,BBA,SPL,FG,R8-WrkGz-H8e,FG,tX-GcOiZ-CCD,4R-18bUV-bVI,,mx-hrGLD-qpY,,0f-NkuLE-MSB,,xx-oGf,AW-VQz,Marvell,,k9-Ed82S-EMi,MVL_ENG_MAKE,,5,,UNASSIGNED,IC,5984,,Not Applicable,SPN,,Unassigned,,En-l5ipR-pwx,,IC,,WIP,9990,oe-vCV43-tj6,Connectivity,BBA,SCPL,SCFG,SCSPL,80nm_90nm,,BBA,
10027,Marvell,CCS,ASIC,Commercial ASIC,SPL,FG,dT-6KPUD-vkJ,FAB,Ra-SuWol-aiu,U4-WnTKr-V8k,,GZ-yw6Ra-3st,,IA-lQ5S7-vsd,,W7-HsC,YG-XVU,Marvell,,Mm-O0J1b-Q5r,MVL_ENG_WAFER,,5,,UNASSIGNED,WFR,9999,,Not Applicable,SPN,,Unassigned,,Sp-SnMTN-arv,,Unassigned,,WIP,9990,IH-JuU94-rsN,CCS,ASIC,SCPL,SCFG,SCSPL,80nm_90nm,,,
10028,Marvell,CCS,ASIC,Commercial ASIC,SPL,FG,s0-YK48J-nbO,FG,C4-6Yu9K-Elq,qO-UTjwN-Eh5,,ZP-XYuWp-hmS,,HC-oCQ9D-KAe,,Zq-VZF,QK-oEF,Marvell,,jk-Tbvsx-9gZ,MVL_ENG_MAKE,,5,,UNASSIGNED,IC,9999,,Not Applicable,SPN,,Unassigned,,xi-6StiK-d4T,,IC,,WIP,9990,a8-KTm3s-njT,CCS,ASIC,SCPL,SCFG,SCSPL,80nm_90nm,,,
10029,Marvell,CCS,ASIC,Commercial ASIC,SPL,FG,zw-kom7U-GnN,BUMPSORT,6W-ELczj-2jh,2f-4AEQz-CdF,,Kt-x0OxY-gXR,,zj-pU5Gn-vIZ,,Kn-mrD,3s-baA,Marvell,,ch-sj9dD-7VM,MRVL SUBASSEMBLY,,5,,UNASSIGNED,IC,9999,,Not Applicable,SPN,,Unassigned,,CV-NFvz7-fKV,,IC,,WIP,9990,TQ-f4SgN-z6M,CCS,ASIC,SCPL,SCFG,SCSPL,80nm_90nm,,,
10030,Marvell,CCS,ASIC,Commercial ASIC,SPL,FG,wq-VDovL-oJk,BUMP,o9-b73r9-YXK,hZ-N9XSe-xWv,,YH-wCCQd-mrq,,PK-D73TA-uSj,,Ma-0cU,6G-yXe,Marvell,,LP-aOe23-5JG,MRVL SUBASSEMBLY,,5,,UNASSIGNED,IC,9999,,Not Applicable,SPN,,Unassigned,,dn-C2n4x-5uo,,IC,,WIP,9990,Uy-J2inT-tXt,CCS,ASIC,SCPL,SCFG,SCSPL,80nm_90nm,,,
10031,Marvell,CCS,ASIC,Commercial ASIC,SPL,FG,3K-f92Gu-UEc,DIE,kD-X7IJq-mnQ,ZC-uje4y-pjB,,vv-FN8q8-9mO,,NQ-RW7V5-5EJ,,eT-z5W,4o-cyI,Marvell,,xM-BoHCF-BYM,MRVL SUBASSEMBLY,,5,,UNASSIGNED,IC,9999,,Not Applicable,SPN,,Unassigned,,sp-rt9dF-5XW,,IC,,WIP,9990,RK-qiipf-MTs,CCS,ASIC,SCPL,SCFG,SCSPL,80nm_90nm,,,
10032,Marvell,CCS,ASIC,Commercial ASIC,SPL,FG,ED-T2uY4-5Fw,TEST,Dw-A5oZb-QlW,Hi-ybSPg-tST,,YS-bYe6D-9xX,,O6-LvKMJ-V46,,K2-kuR,DK-bfY,Marvell,,LG-atoze-JZZ,MRVL SUBASSEMBLY,,5,,UNASSIGNED,IC,9999,,Not Applicable,SPN,,Unassigned,,sW-uTTOQ-5pd,,IC,,WIP,9990,28-22P3Z-a98,CCS,ASIC,SCPL,SCFG,SCSPL,80nm_90nm,,,
10033,Marvell,CCS,ASIC,Commercial ASIC,SPL,FG,Qx-am5P1-VnF,ASSEMBLY,Fu-JnUjG-Jlv,1q-Poxjz-AeG,,Oq-eqfYp-qjm,,KX-UnfCd-kkL,,hJ-tMI,E6-pn6,Marvell,,Ks-kIsLn-YVV,MRVL SUBASSEMBLY,,5,,UNASSIGNED,IC,9999,,Not Applicable,SPN,,Unassigned,,M1-CNJHO-rei,,IC,,WIP,9990,cM-WcZFE-Xfd,CCS,ASIC,SCPL,SCFG,SCSPL,80nm_90nm,,,
10034,Marvell,CCS,ASIC,Commercial ASIC,SPL,FG,uL-CZ0BG-F8J,BINNING,vO-yo3qM-OIN,oM-0S8lJ-6mK,,oI-mYNmu-Cjo,,mf-JXqnW-3Xn,,2n-aTY,IJ-VoK,Marvell,,cs-q3Kyb-gko,MRVL SUBASSEMBLY,,5,,UNASSIGNED,IC,9999,,Not Applicable,SPN,,Unassigned,,3h-TLg9H-Lzk,,IC,,WIP,9990,Uy-EyEuc-8tQ,CCS,ASIC,SCPL,SCFG,SCSPL,80nm_90nm,,,
10035,Marvell,CCS,ASIC,Commercial ASIC,SPL,FG,tu-KpF0l-HML,FAB,yg-WOobL-6IK,CE-DaAQZ-Htn,,wo-5uO14-wvJ,,li-DTzWl-Ln7,,08-ozy,fj-hIP,Marvell,,uy-fimfx-e7e,MVL_ENG_WAFER,,5,,UNASSIGNED,WFR,9999,,Not Applicable,SPN,,Unassigned,,15-f7CEY-ICq,,Unassigned,,WIP,9990,DR-FHXUD-Xxa,CCS,ASIC,SCPL,SCFG,SCSPL,80nm_90nm,,,
10036,Marvell,CCS,ASIC,Commercial ASIC,SPL,FG,J5-kOlV1-o6Z,FG,0X-cQhUo-FCn,Gm-KJHNJ-9xA,,T4-e0pI8-kRs,,IK-5acWS-DZG,,uz-gV9,n8-Ek3,Marvell,,gr-TXcn4-f3L,MVL_ENG_MAKE,,5,,UNASSIGNED,IC,9999,,Not Applicable,SPN,,Unassigned,,BM-V09fS-Uju,,IC,,WIP,9990,bl-vjWTL-lED,CCS,ASIC,SCPL,SCFG,SCSPL,80nm_90nm,,,
10037,Marvell,CCS,ASIC,Commercial ASIC,SPL,FG,UM-0tN6K-dtE,DIE,FH-Pu8Q7-bN7,3Q-nu5SP-BCy,,wi-zegsp-ruy,,hc-Xujzy-Nzi,,L8-0NT,kn-pRM,Marvell,,7b-VXX1x-G8S,MRVL SUBASSEMBLY,,5,,UNASSIGNED,IC,9999,,Not Applicable,SPN,,Unassigned,,HM-WCcu1-xA0,,IC,,WIP,9990,Cj-RGEUe-XIo,CCS,ASIC,SCPL,SCFG,SCSPL,80nm_90nm,,,
10038,Marvell,CCS,ASIC,Commercial ASIC,SPL,FG,ME-8zW2Y-VIk,BUMP,XW-dj5Ya-Re3,Py-8AViV-3m1,,It-w459L-0qj,,pQ-VKZAf-eO9,,EO-rsr,fG-kws,Marvell,,QK-EPU22-vHz,MRVL SUBASSEMBLY,,5,,UNASSIGNED,IC,9999,,Not Applicable,SPN,,Unassigned,,su-vbZvO-Ie8,,IC,,WIP,9990,J7-9s0Nu-85g,CCS,ASIC,SCPL,SCFG,SCSPL,80nm_90nm,,,
10039,Marvell,CCS,ASIC,Commercial ASIC,SPL,FG,qE-Kgknt-Nfp,BUMPSORT,jy-SLyGS-hDK,aS-b3cik-k8Q,,Sg-Wc85s-wFU,,5Y-jjNlm-X8F,,eW-ITz,ga-BDl,Marvell,,RR-fD0cM-ADS,MRVL SUBASSEMBLY,,5,,UNASSIGNED,IC,9999,,Not Applicable,SPN,,Unassigned,,Fj-wK8Zc-0vp,,IC,,WIP,9990,lP-0X2qV-3ge,CCS,ASIC,SCPL,SCFG,SCSPL,80nm_90nm,,,
10040,Marvell,CCS,ASIC,Commercial ASIC,SPL,FG,Ov-36Y1u-tBe,TEST,io-p1jrL-GG2,SH-rV5ha-mNo,,at-ZQBu9-G7D,,vd-bs3Ed-83C,,by-I4j,Tx-Rfc,Marvell,,Tj-LTUJg-CI3,MRVL SUBASSEMBLY,,5,,UNASSIGNED,IC,9999,,Not Applicable,SPN,,Unassigned,,yJ-hn8gs-ZzP,,IC,,WIP,9990,3O-UnvZS-uBo,CCS,ASIC,SCPL,SCFG,SCSPL,80nm_90nm,,,
10041,Marvell,CCS,ASIC,Commercial ASIC,SPL,FG,jF-Qv3MS-c9h,ASSEMBLY,6M-yxVU3-np5,Nt-UmGEr-bFv,,4H-8cE2c-DFw,,6X-3vRBn-v6x,,ju-oD8,O7-Z3q,Marvell,,Jd-jaAV0-xGJ,MRVL SUBASSEMBLY,,5,,UNASSIGNED,IC,9999,,Not Applicable,SPN,,Unassigned,,Xj-GMTIe-GMM,,IC,,WIP,9990,Vj-HAwkZ-kxc,CCS,ASIC,SCPL,SCFG,SCSPL,80nm_90nm,,,
10042,Marvell,CCS,ASIC,Commercial ASIC,SPL,FG,gw-i5iOe-Ztm,BINNING,5h-ZgmLF-mvb,J0-MD6FE-M3R,,fv-qiZ25-aFb,,IQ-gQyu7-FoV,,k8-zN9,Nk-mOa,Marvell,,Hj-dPVnq-2U1,MRVL SUBASSEMBLY,,5,,UNASSIGNED,IC,9999,,Not Applicable,SPN,,Unassigned,,ag-SSX0T-WqW,,IC,,WIP,9990,Ey-K7l2o-M6c,CCS,ASIC,SCPL,SCFG,SCSPL,80nm_90nm,,,
10043,Marvell,Networking & Connectivity,MBU,,SPL,FG,sr-jqa7v-Owo,FG,3f-geNHO-Ya6,4b-Sv9uG-vSQ,,rW-JLYhE-Nmo,,T7-WoTzs-YjJ,,Va-nAs,T0-0Cu,Marvell,,HU-0taPa-wu2,FG,,5,,,IC,,,,SPN,,Unassigned,,hZ-N0gUV-hD2,,IC,,WIP,9990,XT-iTaTr-43t,Networking & Connectivity,MBU,,SCFG,SCSPL,80nm_90nm,,Legacy Other,
10044,Marvell,CCS,ASIC,Commercial ASIC,SPL,FG,ro-xwjJO-1Pp,FAB,Vy-QIjCY-h6O,gf-kHLEK-UiO,,Hy-kmHe9-sqy,,OQ-VuDiQ-9dt,,TH-Raf,3N-swy,Marvell,,s1-FFmNc-dQg,MVL_ENG_WAFER,,5,,UNASSIGNED,WFR,9999,,Not Applicable,SPN,,Networking,ASIC,Cs-FAmdG-dR1,,Unassigned,,WIP,9990,j9-RLyam-vvW,CCS,ASIC,Commercial ASIC,SCFG,SCSPL,80nm_90nm,,,
10045,Marvell,CCS,ASIC,Commercial ASIC,SPL,FG,Ub-pLIgY-Nfn,TEST,x1-xw27L-7t7,UC-QrPH7-QVD,,hQ-gvc7Z-14o,,ze-q8l6M-fsg,,aZ-rkb,NW-jTC,Marvell,,Bx-0R6p5-h3W,MRVL SUBASSEMBLY,,5,,UNASSIGNED,IC,9999,,Not Applicable,SPN,,Networking,ASIC,cc-hCGtE-ifv,,IC,,WIP,9990,qN-sOhcD-RTO,CCS,ASIC,Commercial ASIC,SCFG,SCSPL,80nm_90nm,,,
10046,Marvell,CCS,ASIC,Commercial ASIC,SPL,FG,kN-u6O5t-LEf,BINNING,E0-E26xQ-doN,0A-q7CKy-Zid,,rA-suVA9-9Cy,,pE-ryGgh-Nr7,,ko-3ej,xm-hcv,Marvell,,RU-R7vTh-fH6,MRVL SUBASSEMBLY,,5,,UNASSIGNED,IC,9999,,Not Applicable,SPN,,Networking,ASIC,WP-niIS6-kGY,,IC,,WIP,9990,PM-D95nv-Jsn,CCS,ASIC,Commercial ASIC,SCFG,SCSPL,80nm_90nm,,,
10047,Marvell,CCS,ASIC,Commercial ASIC,SPL,FG,ad-9p5Lg-nuq,BUMP,Ku-CPNix-4Du,XT-cK1W6-X0d,,BT-zIP0x-otK,,WB-GfuXY-AcN,,6F-BT8,zs-2m6,Marvell,,VA-LqBKy-O0e,MRVL SUBASSEMBLY,,5,,UNASSIGNED,IC,9999,,Not Applicable,SPN,,Networking,ASIC,oY-2eXqI-qCY,,IC,,WIP,9990,CJ-2C5se-uzm,CCS,ASIC,Commercial ASIC,SCFG,SCSPL,80nm_90nm,,,
10048,Marvell,CCS,ASIC,Commercial ASIC,SPL,FG,a2-yGnVU-LJh,BUMPSORT,rP-kr8Vo-imW,pT-uAnTi-b7N,,Av-L5ZXs-Ih2,,xM-OCNqQ-4k5,,gK-NCI,46-aTZ,Marvell,,7t-kN2jF-ys4,MRVL SUBASSEMBLY,,5,,UNASSIGNED,IC,9999,,Not Applicable,SPN,,Networking,ASIC,lw-MfwPB-CX9,,IC,,WIP,9990,qy-duKQQ-WE2,CCS,ASIC,Commercial ASIC,SCFG,SCSPL,80nm_90nm,,,
10049,Marvell,CCS,ASIC,Commercial ASIC,SPL,FG,7a-wEns6-JpE,DIE,08-8MlOV-whM,Ly-rGHZx-4Tk,,UT-GirUq-51r,,eU-StwOf-eu3,,50-ge2,Lz-U7Q,Marvell,,eL-bb6TJ-TjV,MRVL SUBASSEMBLY,,5,,UNASSIGNED,IC,9999,,Not Applicable,SPN,,Networking,ASIC,iH-NyHI6-PqA,,IC,,WIP,9990,Nl-XFvW8-gk5,CCS,ASIC,Commercial ASIC,SCFG,SCSPL,80nm_90nm,,,
10050,Marvell,CCS,ASIC,Commercial ASIC,SPL,FG,21-GsBzI-kJO,ASSEMBLY,XD-co1x4-Nmc,M6-oohBP-QB6,,fj-nLZCd-XUk,,jV-GfyL5-9xr,,k8-Ez3,oQ-kRo,Marvell,,KU-BBvRY-Eop,MRVL SUBASSEMBLY,,5,,UNASSIGNED,IC,9999,,Not Applicable,SPN,,Networking,ASIC,2J-2gDkp-qVA,,IC,,WIP,9990,gt-Samov-rSz,CCS,ASIC,Commercial ASIC,SCFG,SCSPL,80nm_90nm,,,
10051,Marvell,CCS,ASIC,Commercial ASIC,SPL,FG,yv-fry65-DkR,FG,9g-AESwv-Ogh,KV-vj6yq-Lft,,lO-2cTxL-6gk,,bb-BKruC-Ofv,,RO-yXY,N7-0pF,Marvell,,Cb-5l0rL-tba,MVL_ENG_MAKE,,5,,UNASSIGNED,IC,9999,,Not Applicable,SPN,,Networking,ASIC,kC-qBEy1-Cdq,,IC,,WIP,9990,EX-cwqIH-hIY,CCS,ASIC,Commercial ASIC,SCFG,SCSPL,80nm_90nm,,,
10052,Marvell,Networking & Connectivity,MBU,,SPL,FG,Lf-eljgx-OYY,FG,2I-MQgi7-xFV,Ij-jVBAF-DZW,,NR-Au2Hr-FIZ,,59-cm5cQ-dGV,,w4-FMj,Ny-Xrm,Marvell,,h8-YTD9t-Vo1,FG,,5,,,IC,,,,SPN,,Unassigned,,7J-t1KBt-Jt7,,IC,,WIP,9990,tA-ZdI0f-6B4,Networking & Connectivity,MBU,,SCFG,SCSPL,80nm_90nm,,Legacy Other,
10053,Marvell,CCS,CXL,CXL,SPL,FG,cP-TBBGQ-Y5H,FG,AV-krGgF-QaI,AS-8nWAp-2d8,,FX-8chsL-pMN,,e3-vQWlF-kn8,,k3-VFN,yy-6Dy,Marvell,,KZ-mgRRB-uBs,MVL_BILL_ONLY,,5,,UNASSIGNED,IC,0,Unassigned,,SPN,,Unassigned,,IU-SEjLm-SgN,,IC,,WIP,9990,XC-ZEJBa-Etx,CCS,CXL,CXL,SCFG,SCSPL,80nm_90nm,,CXL,
10054,Marvell,CCS,CXL,CXL,SPL,FG,iw-IPFOj-qhK,FG,I8-XE0Fp-TBP,L0-cR4O5-e93,,bt-C40B3-Wfl,,67-NIhnJ-IvA,,7w-Ncq,0e-wdz,Marvell,,Z5-TAx3k-VaA,FIN,,5,,UNASSIGNED,IC,0,Unassigned,Not Applicable,SPN,,Unassigned,,32-sXvMX-KcX,,IC,,WIP,9990,l6-4Kgyd-PX2,CCS,CXL,CXL,SCFG,SCSPL,80nm_90nm,,CXL,
10055,Marvell,CCS,CXL,CXL,SPL,FG,f8-BAJQ1-rtw,FG,gm-R7zpo-KNp,Lw-qv48q-IoF,,PS-QB12G-s9I,,Qm-fKjCo-cnG,,F3-2nq,83-JRp,Marvell,,dd-CbgmD-SAq,MVL_BILL_ONLY,,5,,UNASSIGNED,IC,0,Unassigned,,SPN,,Unassigned,,O5-5eOup-t1o,,IC,,WIP,9990,qh-0t6ue-Kct,CCS,CXL,CXL,SCFG,SCSPL,80nm_90nm,,CXL,
10056,Marvell,CCS,CXL,CXL,SPL,FG,ye-Pniay-c9D,FG,CZ-H0CQc-ecb,Up-8ab0q-sZY,,MM-lYGZh-FO5,,Rf-XwS26-fwY,,p5-wZv,yq-AuJ,Marvell,,iU-iqyIm-nzn,MVL_BILL_ONLY,,5,,UNASSIGNED,IC,0,Unassigned,,SPN,,Unassigned,,By-yDNFE-96l,,IC,,WIP,9990,IY-Vqp8K-o4K,CCS,CXL,CXL,SCFG,SCSPL,80nm_90nm,,CXL,
10057,Marvell,CCS,CXL,CXL,SPL,FG,Ag-jUaPt-AXJ,FG,80-yTeQy-AXs,bK-xO3rY-dIT,,Ib-pmTdk-8Oy,,qL-fct4V-i6J,,cP-AZJ,cH-9C3,Marvell,,Dc-YYf9H-Um2,MVL_SERVICE,,5,,UNASSIGNED,IC,0,Unassigned,,SPN,,Unassigned,,xa-mgeWY-nAn,,IC,,WIP,9990,mf-mDHxX-S4b,CCS,CXL,CXL,SCFG,SCSPL,80nm_90nm,,CXL,
10058,Marvell,CCS,CXL,CXL,SPL,FG,L3-h1h32-qcI,FG,lk-ooPmY-ll7,Qa-S50pv-BxZ,,lD-mRT9t-cXg,,GL-ugf5v-vZh,,Ps-mEm,tq-MuH,Marvell,,wT-7Hd5M-vza,MVL_BILL_ONLY,,5,,UNASSIGNED,IC,0,Unassigned,,SPN,,Unassigned,,nJ-h0UXs-VMn,,IC,,WIP,9990,Qp-E1GHo-alC,CCS,CXL,CXL,SCFG,SCSPL,80nm_90nm,,CXL,
10059,Marvell,SPG,Preamp,Preamp,SPL,FG,UY-IRPae-mtT,BUMP,87-P0Yf3-wpU,l3-QbRdE-unn,,4j-wBlp3-zya,,mS-F5QJu-Lcd,,0P-16a,E9-f7k,Marvell,,KK-e6bBI-lyY,MRVL SUBASSEMBLY,,5,,UNASSIGNED,IC,6510,,Not Applicable,SPN,,Storage,HDD,vj-BMN80-GI7,,IC,,WIP,9990,Fy-et28w-769,SPG,Preamp,Preamp,SCFG,SCSPL,150nm_180nm,,Preamp,
10060,Marvell,SPG,Preamp,Preamp,SPL,FG,dI-ozUoA-Hag,FAB,uJ-0BDkJ-Ub6,Vi-KJFML-6Bo,,Ll-MHEd6-yq5,,dx-Ue1H3-KWV,,Fh-rly,ZN-pN2,Marvell,,nq-OE6Tt-gmP,MVL_ENG_WAFER,,5,,UNASSIGNED,IC,6510,,Not Applicable,SPN,,Storage,HDD,tW-RRIGJ-phj,,IC,,WIP,9990,oE-UDkXd-hSt,SPG,Preamp,Preamp,SCFG,SCSPL,150nm_180nm,,Preamp,
10061,Marvell,SPG,Preamp,Preamp,SPL,FG,g7-aIGw1-ESU,FG,7z-6lTRJ-yuM,0B-ra6Vb-T15,,Rr-Q8H29-MFq,,fO-hueku-y3v,,xZ-txd,MO-lT4,Marvell,,oL-cE0Lp-wbQ,MVL_ENG_MAKE,,5,,UNASSIGNED,IC,6510,,Not Applicable,SPN,,Storage,HDD,Id-ULrhS-tlG,,IC,,WIP,9990,7A-SIXj3-UOF,SPG,Preamp,Preamp,SCFG,SCSPL,150nm_180nm,,Preamp,
10062,Marvell,SPG,Preamp,Preamp,SPL,FG,Ta-EcjIl-ofg,DIE,It-5V4uY-kOM,YY-mIelc-3fY,,wP-5Rs6i-p6N,,20-PQnKm-IR2,,92-wIt,tE-yox,Marvell,,HI-xoboS-l6m,MRVL SUBASSEMBLY,,5,,UNASSIGNED,IC,6510,,Not Applicable,SPN,,Storage,HDD,ul-DrS7v-bD9,,IC,,WIP,9990,Z4-NUkGh-08d,SPG,Preamp,Preamp,SCFG,SCSPL,150nm_180nm,,Preamp,
10063,Marvell,SPG,Preamp,Preamp,SPL,FG,r9-2gwVr-nwd,BUMPSORT,v1-ABCcQ-ylg,8h-sdSEX-2Vv,,ke-rG0Ct-AiU,,wK-Vyv2O-uoN,,es-gpM,kZ-R2J,Marvell,,ER-bW9Uk-pab,MRVL SUBASSEMBLY,,5,,UNASSIGNED,IC,6510,,Not Applicable,SPN,,Storage,HDD,eq-JPBL8-XIS,,IC,,WIP,9990,S6-gNxbL-wOh,SPG,Preamp,Preamp,SCFG,SCSPL,150nm_180nm,,Preamp,
10064,Marvell,Cloud Optics,Cloud Optics,Cloud Optics,SPL,FG,ti-x0Pje-bij,BUMPSORT,Dv-kZhbq-Ttc,WI-YKODP-uzx,,Hi-HdiFo-tlI,,NJ-grIsl-OTh,,AM-5E7,LC-ZPi,Marvell,,8N-AuBgL-bns,MRVL SUBASSEMBLY,,5,,UNASSIGNED,IC,5329,,,SPN,,Unassigned,,KQ-m3iu0-3Gl,,IC,,WIP,9990,CA-hMzim-cf4,Cloud Optics,Cloud Optics,Cloud Optics,SCFG,SCSPL,150nm_180nm,,Cloud Optics,
10065,Marvell,Cloud Optics,Cloud Optics,Cloud Optics,SPL,FG,1n-k5TzB-M9v,DIE,uJ-5tjpb-dIQ,Yq-DbubD-eK7,,EC-6rcEa-rjd,,pR-18iC2-WK6,,Xg-R6Z,5y-zMw,Marvell,,Nk-9hNnD-KWP,MRVL SUBASSEMBLY,,5,,UNASSIGNED,IC,5329,,,SPN,,Unassigned,,mq-uEInU-Mxn,,IC,,WIP,9990,6h-3h8XS-3nR,Cloud Optics,Cloud Optics,Cloud Optics,SCFG,SCSPL,150nm_180nm,,Cloud Optics,
10066,Marvell,Cloud Optics,Cloud Optics,Cloud Optics,SPL,FG,ZE-p87DJ-FUz,FG,mK-uPUEE-Zvo,14-2KroC-WPJ,,No-49D35-znC,,zj-y5UTB-Oam,,sB-GwJ,Xh-IlX,Marvell,,gH-gFTdf-ahM,MVL_ENG_MAKE,,5,,UNASSIGNED,MD,5329,,,SPN,,Unassigned,,Zo-IRj2F-8SE,,BOARD,,WIP,9990,Gk-i7ngW-Wgw,Cloud Optics,Cloud Optics,Cloud Optics,SCFG,SCSPL,150nm_180nm,,Cloud Optics,
10067,Marvell,Cloud Optics,Cloud Optics,Cloud Optics,SPL,FG,4t-poj6H-pah,BUMP,Hy-JLnlS-e4i,gP-BrBxM-vhh,,4M-ilAkf-6f6,,2U-cNALn-fVX,,BK-nmO,29-mzm,Marvell,,Di-AbGrA-OR9,MRVL SUBASSEMBLY,,5,,UNASSIGNED,IC,5329,,,SPN,,Unassigned,,2m-wrr58-geO,,IC,,WIP,9990,I7-QAMKD-Bql,Cloud Optics,Cloud Optics,Cloud Optics,SCFG,SCSPL,150nm_180nm,,Cloud Optics,
10068,Marvell,Cloud Optics,Cloud Optics,Cloud Optics,SPL,FG,S9-GJZBO-y7Q,FAB,Gg-5lI6K-r8q,b8-3VKK5-UqN,,6V-E4XQG-UAa,,W2-pm3cq-Wky,,Hd-89q,bd-eRD,Marvell,,5h-ZStzT-M25,MVL_ENG_WAFER,,5,,UNASSIGNED,IC,5329,,,SPN,,Unassigned,,UU-zeb6v-ql6,,IC,,WIP,9990,5x-dQ0oD-yRB,Cloud Optics,Cloud Optics,Cloud Optics,SCFG,SCSPL,150nm_180nm,,Cloud Optics,
10069,Marvell,Networking & Connectivity,MBU,,SPL,FG,F4-EFDnE-HkP,FG,aT-MCNiX-KiI,yH-uqDo3-bL9,,H2-Lp9c1-nOH,,kK-9Al7f-DvW,,PE-719,F6-Jfg,Marvell,,Fs-cY7eb-Ahd,FG,,5,,,IC,,,,SPN,,Unassigned,,o0-XOxuh-w0P,,IC,,WIP,9990,Bm-EaUdd-u9t,Networking & Connectivity,MBU,,SCFG,SCSPL,150nm_180nm,,Legacy Other,
10070,Marvell,CCS,ASIC,Commercial ASIC,SPL,FG,Cp-qXOzt-vH1,TEST,2A-FNrfa-b3x,Xk-XyOBN-4j9,,Oz-T85qg-bs9,,Qc-SmDrJ-AAo,,cl-thX,OH-6r1,Marvell,,Ru-f745w-sap,MRVL SUBASSEMBLY,,5,,UNASSIGNED,IC,9999,,Not Applicable,SPN,,Networking,ASIC,rV-1Wv20-58n,,IC,,WIP,9990,HH-kYX73-vDE,CCS,ASIC,Commercial ASIC,SCFG,SCSPL,150nm_180nm,,ASIC,
10071,Marvell,CCS,ASIC,Commercial ASIC,SPL,FG,Ip-An339-2aA,BUMPSORT,JM-2haVf-PBm,a1-J3lK8-uIE,,xy-N3rMG-6G2,,7u-M2E5h-vRX,,2N-GBR,Ed-Lgi,Marvell,,mY-w0zXs-BHr,MRVL SUBASSEMBLY,,5,,UNASSIGNED,IC,9999,,Not Applicable,SPN,,Networking,ASIC,lN-qVuZr-ZKw,,IC,,WIP,9990,qT-5R2kp-DA8,CCS,ASIC,Commercial ASIC,SCFG,SCSPL,150nm_180nm,,ASIC,
10072,Marvell,CCS,ASIC,Commercial ASIC,SPL,FG,uF-MOFAN-FiG,DIE,di-XJyR7-oQv,pI-6RVfy-ijw,,O0-r0xql-cof,,zP-fJrfh-7JW,,zs-UQ8,Xs-fWh,Marvell,,3i-WQzEd-kGR,MRVL SUBASSEMBLY,,5,,UNASSIGNED,IC,9999,,Not Applicable,SPN,,Networking,ASIC,oL-T0iSN-WkP,,IC,,WIP,9990,RQ-0hzdV-o8Z,CCS,ASIC,Commercial ASIC,SCFG,SCSPL,150nm_180nm,,ASIC,
10073,Marvell,CCS,ASIC,Commercial ASIC,SPL,FG,ls-CHfHv-oyD,BUMP,kq-8rvXH-9qX,3U-ykW5I-Q1p,,1N-IFz24-FIE,,Io-0RzjL-yJA,,fD-NDj,hr-aA0,Marvell,,cE-T0ZSh-MBO,MRVL SUBASSEMBLY,,5,,UNASSIGNED,IC,9999,,Not Applicable,SPN,,Networking,ASIC,UD-AAxEK-SrK,,IC,,WIP,9990,uT-RlJVl-knC,CCS,ASIC,Commercial ASIC,SCFG,SCSPL,150nm_180nm,,ASIC,
10074,Marvell,CCS,ASIC,Commercial ASIC,SPL,FG,mL-W9Sq2-lOj,FAB,xL-w48sz-Mrp,IM-3kC2l-k2M,,6t-8Lp2u-yp7,,Ku-q4IBS-xK3,,jk-IjJ,GR-hD4,Marvell,,HF-KcIbu-oVZ,MVL_ENG_WAFER,,5,,UNASSIGNED,WFR,9999,,Not Applicable,SPN,,Networking,ASIC,DU-a6SQq-GyD,,Unassigned,,WIP,9990,y0-iQGBy-TnM,CCS,ASIC,Commercial ASIC,SCFG,SCSPL,150nm_180nm,,ASIC,
10075,Marvell,CCS,ASIC,Commercial ASIC,SPL,FG,nn-s7e3S-Fil,ASSEMBLY,XR-fKwaT-yOF,P4-eezsh-8Io,,lS-r3FEI-a4S,,NX-AwF4k-ZDH,,5J-FzM,W4-fea,Marvell,,Z1-HGqK3-Myl,MRVL SUBASSEMBLY,,5,,UNASSIGNED,IC,9999,,Not Applicable,SPN,,Networking,ASIC,9d-nBdYS-c6y,,IC,,WIP,9990,tV-1BUvW-kjV,CCS,ASIC,Commercial ASIC,SCFG,SCSPL,150nm_180nm,,ASIC,
10076,Marvell,CCS,ASIC,Commercial ASIC,SPL,FG,4b-94EFp-D7L,FG,bJ-YMrno-UB4,Kh-8II1F-76Z,,MJ-baEz7-Hd8,,kY-sN6XN-2i5,,Ia-4US,TU-fiw,Marvell,,vP-QeAdM-RHg,MVL_ENG_MAKE,,5,,UNASSIGNED,IC,9999,,Not Applicable,SPN,,Networking,ASIC,8b-9tIGV-ZKO,,IC,,WIP,9990,9W-WBkq5-drr,CCS,ASIC,Commercial ASIC,SCFG,SCSPL,150nm_180nm,,ASIC,
10077,Marvell,CCS,ASIC,Commercial ASIC,SPL,FG,yx-TANJf-k5F,BINNING,u3-FfCFU-HUP,CH-gGnWK-JfH,,ZK-AkhCK-Exf,,3r-H0giE-zxR,,wY-j8a,1j-kX2,Marvell,,Gc-Y8oUw-TcB,MRVL SUBASSEMBLY,,5,,UNASSIGNED,IC,9999,,Not Applicable,SPN,,Networking,ASIC,DY-HY9mT-WTe,,IC,,WIP,9990,iY-2oNkk-UR7,CCS,ASIC,Commercial ASIC,SCFG,SCSPL,150nm_180nm,,ASIC,
10078,Marvell,CCS,CXL,CXL,SPL,FG,qO-wpjcw-SZv,FAB,Dh-9JyUV-B44,Jj-cgz2J-1CI,,Mk-hvFxe-367,,5h-Y9FTO-4i3,,WO-JpO,dP-sAS,Marvell,,lg-QdrhI-se9,MVL_ENG_WAFER,,5,,UNASSIGNED,WFR,9999,,Not Applicable,SPN,,Unassigned,,13-VVbQI-lMw,,Unassigned,,WIP,9990,Zi-oJoTQ-q6a,CCS,CXL,CXL,SCFG,SCSPL,150nm_180nm,,,
10079,Marvell,CCS,CXL,CXL,SPL,FG,Zo-9C3rp-xmu,BINNING,X9-s7MRW-YDX,TA-X23B3-qJO,,CG-DLKH0-Ga8,,WO-HlaxO-w5P,,xj-FQM,Qr-sjF,Marvell,,t8-MceGG-vkX,MRVL SUBASSEMBLY,,5,,UNASSIGNED,IC,9999,,Not Applicable,SPN,,Unassigned,,5L-PBvw3-T18,,IC,,WIP,9990,rt-FZLwe-e21,CCS,CXL,CXL,SCFG,SCSPL,150nm_180nm,,,
10080,Marvell,CCS,CXL,CXL,SPL,FG,aD-ogSI8-hQD,BUMPSORT,Sl-27YwP-ado,3E-v7YoM-yyc,,0a-VkiOU-hbD,,SQ-d1FcY-Crw,,h8-JEZ,W0-ecs,Marvell,,WH-cadSA-KrL,MRVL SUBASSEMBLY,,5,,UNASSIGNED,IC,9999,,Not Applicable,SPN,,Unassigned,,wU-EHumd-CrQ,,IC,,WIP,9990,ep-98xs1-Lgo,CCS,CXL,CXL,SCFG,SCSPL,150nm_180nm,,,
10081,Marvell,CCS,CXL,CXL,SPL,FG,G9-P6QSO-TVl,BUMP,ZL-wwQbR-99s,1p-2pUeI-Q3D,,2g-ehzoR-zqx,,rk-ZxSjr-9Du,,3H-7mO,CV-zgN,Marvell,,E0-Y8mHt-CZp,MRVL SUBASSEMBLY,,5,,UNASSIGNED,IC,9999,,Not Applicable,SPN,,Unassigned,,eK-oMlrt-7fN,,IC,,WIP,9990,U6-HVejE-hRS,CCS,CXL,CXL,SCFG,SCSPL,3nm,,,
10082,Marvell,CCS,CXL,CXL,SPL,FG,in-Nx655-rnm,DIE,u6-jJRix-LD6,Xf-asrJa-gGW,,9t-U1Ttq-Wve,,Ml-td5Gt-i77,,9s-9pS,fH-pPj,Marvell,,rm-hHn8E-tLA,MRVL SUBASSEMBLY,,5,,UNASSIGNED,IC,9999,,Not Applicable,SPN,,Unassigned,,IG-F3iI0-gl7,,IC,,WIP,9990,wZ-XHKxU-za3,CCS,CXL,CXL,SCFG,SCSPL,3nm,,,
10083,Marvell,CCS,CXL,CXL,SPL,FG,XS-csFZa-biA,TEST,Ab-12QYk-J1H,lL-D8lfH-wiD,,Ub-nntJ8-NzQ,,GP-mQmh5-Gzr,,kw-PoM,Yd-AAv,Marvell,,Oh-X6yiK-nBr,MRVL SUBASSEMBLY,,5,,UNASSIGNED,IC,9999,,Not Applicable,SPN,,Unassigned,,aE-nl9dn-GN3,,IC,,WIP,9990,m3-NS15h-FqD,CCS,CXL,CXL,SCFG,SCSPL,3nm,,,
10084,Marvell,CCS,CXL,CXL,SPL,FG,0W-Vxbyv-GN5,ASSEMBLY,dW-G8p1N-qD1,4x-MOuXd-Sxy,,BJ-diD6j-tyg,,iw-VxKWD-ulk,,gH-xKG,aq-dT3,Marvell,,6X-1b35s-7IR,MRVL SUBASSEMBLY,,5,,UNASSIGNED,IC,9999,,Not Applicable,SPN,,Unassigned,,0k-hzDfX-X93,,IC,,WIP,9990,lm-i2h8u-maK,CCS,CXL,CXL,SCFG,SCSPL,3nm,,,
10085,Marvell,CCS,CXL,CXL,SPL,FG,ni-o6Jjr-QgE,FG,oW-qgdm0-Ac2,eu-E4YtP-yFU,,tL-OSOpl-m4d,,6p-00JTt-ELx,,Nr-u6I,sZ-p8w,Marvell,,n7-I9i9s-0c0,MVL_ENG_MAKE,,5,,UNASSIGNED,IC,9999,,Not Applicable,SPN,,Unassigned,,SS-yLsa0-2RX,,IC,,WIP,9990,p5-wfO4J-9uj,CCS,CXL,CXL,SCFG,SCSPL,3nm,,,
10086,Marvell,CCS,Processor,Octeon,SPL,FG,X4-kxQGR-mTQ,ASSEMBLY,JX-tiYcT-sBt,yu-WIc5k-68q,,th-aTeut-2UZ,,UT-vAR8c-EDr,,rq-uJz,eu-2l7,Marvell,,Wm-MQglP-Xoc,MRVL SUBASSEMBLY,,5,,UNASSIGNED,IC,9999,,Not Applicable,SPN,,Networking,Octeon,57-Xf8y1-Y3K,,IC,,WIP,9990,lX-MApP3-V7e,CCS,Processor,Octeon,SCFG,SCSPL,3nm,,Processor,
10087,Marvell,CCS,Processor,Octeon,SPL,FG,ZC-4zXbF-4kP,ASSEMBLY,Zm-W8nVo-tb9,DA-KPpH3-DH6,,K6-MFlCF-BHw,,i4-uvEte-pAr,,sF-LfO,iP-okJ,Marvell,,pj-qHtQz-f3J,MRVL SUBASSEMBLY,,5,,UNASSIGNED,IC,9999,,Not Applicable,SPN,,Networking,Octeon,5F-Uoink-lFj,,IC,,WIP,9990,N1-uGHEn-3ym,CCS,Processor,Octeon,SCFG,SCSPL,3nm,,Processor,
10088,Marvell,CCS,Processor,Octeon,SPL,FG,D0-sDnym-Bwh,FAB,vT-XgSG1-KKH,WM-Yik3u-NNb,,Ow-5kudb-Tga,,hD-e6go5-bdt,,BN-RqE,HM-x0t,Marvell,,Mk-Dt51b-ROW,MVL_ENG_WAFER,,5,,UNASSIGNED,WFR,9999,,Not Applicable,SPN,,Networking,Octeon,NP-vBYrE-Udo,,Unassigned,,WIP,9990,Uc-YjVJE-pzH,CCS,Processor,Octeon,SCFG,SCSPL,3nm,,Processor,
10089,Marvell,CCS,Processor,Octeon,SPL,FG,Lq-juRh0-sCG,FAB,hA-Ym8va-x5j,mB-j5sz7-SYt,,Sc-Cs4WY-PBq,,i0-VQ5yw-9y1,,LQ-iF9,Gl-pSr,Marvell,,S1-dGlNc-bBW,MVL_ENG_WAFER,,5,,UNASSIGNED,WFR,9999,,Not Applicable,SPN,,Networking,Octeon,Vt-JZ527-D4o,,Unassigned,,WIP,9990,U5-5rH2l-koA,CCS,Processor,Octeon,SCFG,SCSPL,3nm,,Processor,
10090,Marvell,CCS,Processor,Octeon,SPL,FG,ld-n5ruK-msY,TEST,Fi-rAN5t-6QQ,Nq-O71hk-NFa,,VD-zOegB-s37,,yC-w7Z53-wMn,,Xq-w8z,Y6-wMP,Marvell,,jO-lb0c9-4jk,MRVL SUBASSEMBLY,,5,,UNASSIGNED,IC,9999,,Not Applicable,SPN,,Networking,Octeon,B0-NNEQt-m8W,,IC,,WIP,9990,Km-ySBTI-7tU,CCS,Processor,Octeon,SCFG,SCSPL,3nm,,Processor,
10091,Marvell,CCS,Processor,Octeon,SPL,FG,R5-pCYPP-8Y4,TEST,HE-8xvEe-xn7,XS-kphsG-x2u,,GR-CqTmJ-vnO,,ss-izAnA-6HK,,6M-zvk,Lc-8WH,Marvell,,rl-i4w7A-rTC,MRVL SUBASSEMBLY,,5,,UNASSIGNED,IC,9999,,Not Applicable,SPN,,Networking,Octeon,K4-oOV4W-zTK,,IC,,WIP,9990,Mg-qcxja-fpm,CCS,Processor,Octeon,SCFG,SCSPL,3nm,,Processor,
10092,Marvell,CCS,Processor,Octeon,SPL,FG,f7-SvaDF-nhn,BUMP,Cv-liZiR-LUP,5o-3859E-tmo,,0w-9w9Jz-X8k,,gX-BYtXv-SvL,,DK-vFL,sV-bwB,Marvell,,fm-uXL9I-Hec,MRVL SUBASSEMBLY,,5,,UNASSIGNED,IC,9999,,Not Applicable,SPN,,Networking,Octeon,nU-shRBJ-En8,,IC,,WIP,9990,vv-TagD1-lWJ,CCS,Processor,Octeon,SCFG,SCSPL,3nm,,Processor,
10093,Marvell,CCS,Processor,Octeon,SPL,FG,dm-9PX6f-LSk,BUMP,Gj-iU8TD-RL8,RS-VtekL-S0T,,Yy-t14sl-owm,,kU-4JwwF-30d,,KC-q0Q,gi-lQF,Marvell,,DO-LlkkW-2Yd,MRVL SUBASSEMBLY,,5,,UNASSIGNED,IC,9999,,Not Applicable,SPN,,Networking,Octeon,BU-q7r4R-F5D,,IC,,WIP,9990,Id-fwKRy-kMk,CCS,Processor,Octeon,SCFG,SCSPL,3nm,,Processor,
10094,Marvell,CCS,Processor,Octeon,SPL,FG,Lk-6VObm-0Gq,DIE,Gl-Yr1do-9NV,oT-kWuyL-ySG,,Bh-f3UiM-0uv,,tr-9cpCX-KFG,,WK-plm,8r-lh5,Marvell,,mn-aMxlp-5ex,MRVL SUBASSEMBLY,,5,,UNASSIGNED,IC,9999,,Not Applicable,SPN,,Networking,Octeon,hO-L3F19-sXW,,IC,,WIP,9990,q5-fGGJR-j8s,CCS,Processor,Octeon,SCFG,SCSPL,3nm,,Processor,
10095,Marvell,CCS,Processor,Octeon,SPL,FG,HR-bwxke-5jV,BUMPSORT,xM-4JDP4-JuM,ax-ZYwZN-w0d,,sN-0FnUf-5kP,,xC-ruy05-aC1,,NN-AVb,S4-nF1,Marvell,,MS-KTBoF-f98,MRVL SUBASSEMBLY,,5,,UNASSIGNED,IC,9999,,Not Applicable,SPN,,Networking,Octeon,Jw-0bsLV-MM9,,IC,,WIP,9990,3B-BzKyC-oM5,CCS,Processor,Octeon,SCFG,SCSPL,3nm,,Processor,
10096,Marvell,CCS,Processor,Octeon,SPL,FG,Tg-JiHrX-iXm,DIE,1o-KXVrf-jeF,Wt-81ApB-ytA,,aS-bgcoO-Nlg,,Sa-JxNbz-ydl,,gx-rxL,cE-HmS,Marvell,,h7-jUX5m-v2E,MRVL SUBASSEMBLY,,5,,UNASSIGNED,IC,9999,,Not Applicable,SPN,,Networking,Octeon,Jj-ZAUJa-Ugd,,IC,,WIP,9990,Pj-y3Ttb-SHk,CCS,Processor,Octeon,SCFG,SCSPL,3nm,,Processor,
10097,Marvell,CCS,Processor,Octeon,SPL,FG,cq-MbHdJ-pfJ,BUMPSORT,3W-WaxUA-OjD,bO-dAaDI-GMH,,ar-61KXM-qPP,,pu-rRF51-zcf,,t4-aY7,MS-D8c,Marvell,,5v-ZjS7H-tgE,MRVL SUBASSEMBLY,,5,,UNASSIGNED,IC,9999,,Not Applicable,SPN,,Networking,Octeon,Xk-HlNF3-Osz,,IC,,WIP,9990,UX-jX71x-Ikj,CCS,Processor,Octeon,SCFG,SCSPL,3nm,,Processor,
10098,Marvell,CCS,Processor,Octeon,SPL,FG,yO-xSqI8-QnS,BINNING,JF-YyU8o-b5Q,VS-KOyDW-mXa,,GR-H68pa-iPe,,nI-EZryF-4At,,W9-z9D,t7-eik,Marvell,,C3-U8MzO-kZy,MRVL SUBASSEMBLY,,5,,UNASSIGNED,IC,9999,,Not Applicable,SPN,,Networking,Octeon,0l-udwJD-eBF,,IC,,WIP,9990,K8-OY9br-uCU,CCS,Processor,Octeon,SCFG,SCSPL,3nm,,Processor,
10099,Marvell,CCS,Processor,Octeon,SPL,FG,Vd-1Mhv6-SkG,BINNING,xL-8U83J-kiq,d9-uJ2Co-hDg,,Eq-9YBGM-3sO,,2q-QgR1I-Vy2,,O5-y1D,KO-i1U,Marvell,,N9-DWSnh-NyQ,MRVL SUBASSEMBLY,,5,,UNASSIGNED,IC,9999,,Not Applicable,SPN,,Networking,Octeon,xA-7bwg5-KPt,,IC,,WIP,9990,ug-m32sy-Ltl,CCS,Processor,Octeon,SCFG,SCSPL,3nm,,Processor,
10100,Marvell,CCS,Processor,Octeon,SPL,FG,yj-o2sSz-KT6,FG,OT-bRINh-zIS,ND-OlIeq-sdD,,7a-K01oE-Oe3,,1v-pzYHh-ENv,,VL-38s,Ei-zhJ,Marvell,,MN-bEweo-ngF,MVL_ENG_MAKE,,5,,UNASSIGNED,IC,9999,,Not Applicable,SPN,,Networking,Octeon,FR-F8pJW-EU7,,IC,,WIP,9990,lV-OcyVQ-LAr,CCS,Processor,Octeon,SCFG,SCSPL,3nm,,Processor,
